,video_id,video_title,upload_date,video_viewsCount,video_likeCount,video_dislikeCount,video_commentCount,video_duration,video_url
0,OzUzrs8uJl8,"FARM Stack Course - FastAPI, React, MongoDB",2021-07-15,30396,1224,21,117,62.06666666666667,https://www.youtube.com/watch?v=OzUzrs8uJl8
1,_C8kWso4ne4,PySpark Tutorial,2021-07-14,34707,1281,23,79,109.03333333333333,https://www.youtube.com/watch?v=_C8kWso4ne4
2,e2IbNHi4uCI,Git Branches Tutorial,2021-07-13,48599,2171,23,62,33.333333333333336,https://www.youtube.com/watch?v=e2IbNHi4uCI
3,ZpwZS3XnEZA,SPSS for Beginners - Full Course,2021-07-12,37571,1264,22,80,136.96666666666667,https://www.youtube.com/watch?v=ZpwZS3XnEZA
4,nTeuhbP7wdE,React JS Course for Beginners - 2021 Tutorial,2021-07-08,114053,5647,46,245,430.46666666666664,https://www.youtube.com/watch?v=nTeuhbP7wdE
5,M1_v5HBVHWo,CISSP Certification Course ‚Äì PASS the Certified Information Security Professional Exam!,2021-07-06,85779,4736,43,194,801.5333333333333,https://www.youtube.com/watch?v=M1_v5HBVHWo
6,jBzwzrDvZ18,Python Backend Web Development Course (with Django),2021-07-01,163198,7791,69,274,611.8666666666667,https://www.youtube.com/watch?v=jBzwzrDvZ18
7,LLKza5oULAA,Microsoft Security Compliance and Identity (SC-900) - Full Course PASS the Exam,2021-06-29,19963,741,13,33,207.33333333333334,https://www.youtube.com/watch?v=LLKza5oULAA
8,RYDiDpW2VkM,Create a Design System with Figma - Full Course,2021-06-28,97389,4622,37,104,458.71666666666664,https://www.youtube.com/watch?v=RYDiDpW2VkM
9,r8UvWSX3KA8,OpenTelemetry Course - Understand Software Performance,2021-06-24,85241,2498,44,125,68.8,https://www.youtube.com/watch?v=r8UvWSX3KA8
10,ZXdFisA_hOY,.NET 5 REST API Tutorial - Build From Scratch With C#,2021-06-23,96999,3545,29,168,384.15,https://www.youtube.com/watch?v=ZXdFisA_hOY
11,ZYb_ZU8LNxs,"Asynchronous JavaScript Course (Async/Await, Promises, Callbacks)",2021-06-22,53637,2791,46,149,96.38333333333334,https://www.youtube.com/watch?v=ZYb_ZU8LNxs
12,l7-f9gS8VOs,Understanding Sorting Algorithms,2021-06-18,51870,2358,41,107,71.61666666666666,https://www.youtube.com/watch?v=l7-f9gS8VOs
13,OwZHNH8EfSU,Azure AI Fundamentals Certification (AI-900) - Full Course to PASS the Exam,2021-06-17,32046,1202,19,85,246.96666666666667,https://www.youtube.com/watch?v=OwZHNH8EfSU
14,jcTj6FgWOpo,Data Analytics Crash Course: Teach Yourself in 30 Days,2021-06-16,124282,4797,53,123,38.31666666666667,https://www.youtube.com/watch?v=jcTj6FgWOpo
15,iJKCj8uAHz8,Learn Bootstrap 5 and SASS by Building a Portfolio Website - Full Course,2021-06-09,123527,4778,53,373,302.3833333333333,https://www.youtube.com/watch?v=iJKCj8uAHz8
16,zJ-LqeX_fLU,Arduino Course for Beginners - Open-Source Electronics Platform,2021-06-08,142206,7126,74,316,244.36666666666667,https://www.youtube.com/watch?v=zJ-LqeX_fLU
17,P4Z8_qe2Cu0,OpenCV Python Course - Learn Computer Vision and AI,2021-06-07,51988,2332,16,99,180.43333333333334,https://www.youtube.com/watch?v=P4Z8_qe2Cu0
18,Gaosub7FRf4,How to Build a Hackintosh - Step-by-Step Guide (Install MacOS Big Sur on PC),2021-06-03,86124,3473,74,347,66.8,https://www.youtube.com/watch?v=Gaosub7FRf4
19,jBlTQjcKuaY,Python for Bioinformatics - Drug Discovery Using Machine Learning and Data Analysis,2021-06-02,91526,4567,25,195,102.9,https://www.youtube.com/watch?v=jBlTQjcKuaY
20,01sAkU_NvOY,Advanced Computer Vision with Python - Full Course,2021-05-27,235412,12433,77,268,400.68333333333334,https://www.youtube.com/watch?v=01sAkU_NvOY
21,4OaHB0JbJDI,"üéÆ Easy JavaScript Game Development with Kaboom.js (Mario, Zelda, and Space Invaders) - Full Course",2021-05-26,140888,6493,89,343,170.13333333333333,https://www.youtube.com/watch?v=4OaHB0JbJDI
22,LiOzTQAz13Q,Angular 11 Tutorial - Code a Project from Scratch,2021-05-18,79704,2469,58,303,72.91666666666667,https://www.youtube.com/watch?v=LiOzTQAz13Q
23,l8Imtec4ReQ,Kivy Course - Create Python Games and Mobile Apps,2021-05-12,164389,6838,48,410,341.45,https://www.youtube.com/watch?v=l8Imtec4ReQ
24,gTVpBbFWry8,Chrome DevTools - Crash Course,2021-05-06,68462,3025,73,115,74.85,https://www.youtube.com/watch?v=gTVpBbFWry8
25,iXNsAYOTzgM,OpenCV Tutorial - Develop Computer Vision Apps in the Cloud With Python,2021-05-04,49539,2047,26,82,173.73333333333332,https://www.youtube.com/watch?v=iXNsAYOTzgM
26,10PbGbTUSAg,Azure Administrator Certification (AZ-104) - Full Course to PASS the Exam,2021-05-03,178355,5557,41,290,676.4333333333333,https://www.youtube.com/watch?v=10PbGbTUSAg
27,mrHNSanmqQ4,MERN Stack Course - ALSO: Convert Backend to Serverless with MongoDB Realm,2021-04-28,111895,4260,39,278,163.33333333333334,https://www.youtube.com/watch?v=mrHNSanmqQ4
28,mDgEqoQUBgk,"Create an Instagram Clone with React, Tailwind CSS, Firebase - Tutorial",2021-04-19,109820,5001,34,414,719.9833333333333,https://www.youtube.com/watch?v=mDgEqoQUBgk
29,04L0BbAcCpQ,"Django 3 Course - Python Web Framework (+ pandas, matplotlib, &amp; more)",2021-04-16,106574,4121,35,187,420.1,https://www.youtube.com/watch?v=04L0BbAcCpQ
30,LiOzTQAz13Q,Angular 11 Tutorial - Code a Project from Scratch,2021-05-18,79704,2469,58,303,72.91666666666667,https://www.youtube.com/watch?v=LiOzTQAz13Q
31,l8Imtec4ReQ,Kivy Course - Create Python Games and Mobile Apps,2021-05-12,164389,6838,48,410,341.45,https://www.youtube.com/watch?v=l8Imtec4ReQ
32,agbh1wbfJt8,Typography for Developers - Full Course from Treehouse,2021-05-11,78311,3709,19,144,124.18333333333334,https://www.youtube.com/watch?v=agbh1wbfJt8
33,gTVpBbFWry8,Chrome DevTools - Crash Course,2021-05-06,68462,3025,73,115,74.85,https://www.youtube.com/watch?v=gTVpBbFWry8
34,iXNsAYOTzgM,OpenCV Tutorial - Develop Computer Vision Apps in the Cloud With Python,2021-05-04,49539,2047,26,82,173.73333333333332,https://www.youtube.com/watch?v=iXNsAYOTzgM
35,10PbGbTUSAg,Azure Administrator Certification (AZ-104) - Full Course to PASS the Exam,2021-05-03,178355,5557,41,290,676.4333333333333,https://www.youtube.com/watch?v=10PbGbTUSAg
36,9zUHg7xjIqQ,Learn Docker - DevOps with Node.js &amp; Express,2021-04-29,83295,3430,18,174,322.0,https://www.youtube.com/watch?v=9zUHg7xjIqQ
37,mrHNSanmqQ4,MERN Stack Course - ALSO: Convert Backend to Serverless with MongoDB Realm,2021-04-28,111895,4260,39,278,163.33333333333334,https://www.youtube.com/watch?v=mrHNSanmqQ4
38,45MIykWJ-C4,OpenGL Course - Create 3D and 2D Graphics With C++,2021-04-27,164075,6649,75,354,106.4,https://www.youtube.com/watch?v=45MIykWJ-C4
39,74NW-84BqbA,Data Structures For Python Developers (w/ Flask) - Course,2021-04-22,64072,2550,16,122,193.35,https://www.youtube.com/watch?v=74NW-84BqbA
40,WnMQ8HlmeXc,UML Diagrams Full Course (Unified Modeling Language),2021-04-21,95987,3811,31,106,101.51666666666667,https://www.youtube.com/watch?v=WnMQ8HlmeXc
41,mDgEqoQUBgk,"Create an Instagram Clone with React, Tailwind CSS, Firebase - Tutorial",2021-04-19,109820,5001,34,414,719.9833333333333,https://www.youtube.com/watch?v=mDgEqoQUBgk
42,04L0BbAcCpQ,"Django 3 Course - Python Web Framework (+ pandas, matplotlib, &amp; more)",2021-04-16,106574,4121,35,187,420.1,https://www.youtube.com/watch?v=04L0BbAcCpQ
43,gB1F9G0JXOo,Learn Unity - Beginner&#39;s Game Development Tutorial,2021-04-15,337783,13816,122,871,444.6666666666667,https://www.youtube.com/watch?v=gB1F9G0JXOo
44,O79pJ7qXwoE,How To Make a Website With WordPress - 2021 (Beginners Tutorial),2021-04-13,97857,3020,50,161,105.4,https://www.youtube.com/watch?v=O79pJ7qXwoE
45,8dfePlONtls,Code a Snake Game with Python and Pygame üêç - Tutorial,2021-04-08,70353,2009,45,167,95.9,https://www.youtube.com/watch?v=8dfePlONtls
46,0B5eIE_1vpU,Scikit-learn Crash Course - Machine Learning Library for Python,2021-04-07,53909,2053,9,79,129.36666666666667,https://www.youtube.com/watch?v=0B5eIE_1vpU
47,Yg5zkd9nm6w,E-commerce Website With Django and Vue Tutorial (Django Rest Framework),2021-04-06,126057,3995,46,255,165.45,https://www.youtube.com/watch?v=Yg5zkd9nm6w
48,RJ2kwpzX8so,Web App Testing with WebdriverIO - Crash Course,2021-04-02,28558,913,14,58,52.85,https://www.youtube.com/watch?v=RJ2kwpzX8so
49,Oe421EPjeBE,Node.js and Express.js - Full Course,2021-04-01,329558,10704,88,503,496.8,https://www.youtube.com/watch?v=Oe421EPjeBE
50,7WiJGTPuVeU,Java Beginner Course - Get Started Coding with Java!,2021-03-25,56453,2018,38,153,95.93333333333334,https://www.youtube.com/watch?v=7WiJGTPuVeU
51,SqvVm3QiQVk,Six Quick Python Projects,2021-03-24,84870,3078,59,147,63.8,https://www.youtube.com/watch?v=SqvVm3QiQVk
52,UoTxOVEecbI,Pixel Effects with JavaScript and HTML Canvas - Tutorial,2021-03-23,160723,6210,19,171,119.38333333333334,https://www.youtube.com/watch?v=UoTxOVEecbI
53,8hly31xKli0,Algorithms and Data Structures - Full Course for Beginners from Treehouse,2021-03-18,530836,22982,101,670,322.15,https://www.youtube.com/watch?v=8hly31xKli0
54,F-sFp_AvHc8,"User Authentication in Web Apps (Passport.js, Node, Express)",2021-03-16,79640,3408,29,166,373.48333333333335,https://www.youtube.com/watch?v=F-sFp_AvHc8
55,gp5H0Vw39yw,Learn TypeScript - Full Course for Beginners,2021-03-15,89074,3517,52,170,94.58333333333333,https://www.youtube.com/watch?v=gp5H0Vw39yw
56,4cWkVbC2bNE,"Database Systems - Cornell University Course (SQL, NoSQL, Large-Scale Data Analysis)",2021-03-11,266922,10644,46,313,1027.7,https://www.youtube.com/watch?v=4cWkVbC2bNE
57,Qr4QMBUPxWo,Flask Course - Python Web Application Development,2021-03-10,157812,4620,44,311,381.06666666666666,https://www.youtube.com/watch?v=Qr4QMBUPxWo
58,WMy3OzvBWc0,Linux Server Course - System Configuration and Operation,2021-03-09,214826,8734,53,208,326.76666666666665,https://www.youtube.com/watch?v=WMy3OzvBWc0
59,7rU_KyudGBY,Code a Discord Bot with JavaScript - Host for Free in the Cloud,2021-03-08,80196,3068,45,313,56.5,https://www.youtube.com/watch?v=7rU_KyudGBY
60,la-0ulfn0_M,"Create a Twitter Clone with Vue.js, Quasar Framework &amp; Firebase for iOS, Android, Mac &amp; Windows",2021-03-05,42897,1858,11,133,148.85,https://www.youtube.com/watch?v=la-0ulfn0_M
61,ulprqHHWlng,AWS Basics for Beginners - Full Course,2021-03-04,384606,12334,68,376,327.35,https://www.youtube.com/watch?v=ulprqHHWlng
62,VywxIQ2ZXw4,Postman Beginner&#39;s Course - API Testing,2021-03-01,184281,5881,34,226,129.63333333333333,https://www.youtube.com/watch?v=VywxIQ2ZXw4
63,d4Y2DkKbxM0,React and Golang JWT Authentication - Tutorial,2021-02-26,37008,1090,8,73,81.7,https://www.youtube.com/watch?v=d4Y2DkKbxM0
64,2LhoCfjm8R4,"Data Visualization with D3, JavaScript, React - Full Course [2021]",2021-02-22,116894,4790,20,229,697.2666666666667,https://www.youtube.com/watch?v=2LhoCfjm8R4
65,GPVsHOlRBBI,"Data Analysis with Python Course - Numpy, Pandas, Data Visualization",2021-02-18,358720,13373,115,256,596.3833333333333,https://www.youtube.com/watch?v=GPVsHOlRBBI
66,4gMDR69DB6A,Build a Robinhood-Style Android App to Track COVID-19 Cases - Kotlin Tutorial,2021-02-16,34663,993,46,59,88.95,https://www.youtube.com/watch?v=4gMDR69DB6A
67,c9Wg6Cb_YlU,"UI / UX Design Tutorial ‚Äì Wireframe, Mockup &amp; Design in Figma",2021-02-10,239122,9650,72,221,86.35,https://www.youtube.com/watch?v=c9Wg6Cb_YlU
68,qPtScmB8CgA,Build Three Django Projects - Python Course,2021-02-05,87592,2759,58,151,121.1,https://www.youtube.com/watch?v=qPtScmB8CgA
69,xZbU6bCZFYo,freeCodeCamp.org Curriculum Expansion: Math + Machine Learning + Data Science,2021-02-02,76772,3300,14,190,27.95,https://www.youtube.com/watch?v=xZbU6bCZFYo
70,wN0x9eZLix4,Object Oriented Programming (OOP) in C++ Course,2021-02-02,362977,13914,148,723,90.43333333333334,https://www.youtube.com/watch?v=wN0x9eZLix4
71,B31LgI4Y4DQ,Data Structures - Full Course Using C and C++,2021-01-27,461047,18551,148,512,586.1833333333333,https://www.youtube.com/watch?v=B31LgI4Y4DQ
72,_xUcYfbtfsI,Android Studio Tutorial - Build a GPS App,2021-01-26,53009,1735,19,108,83.25,https://www.youtube.com/watch?v=_xUcYfbtfsI
73,sfmL6bGbiN8,Build a Shopping Cart with React and TypeScript - Tutorial,2021-01-21,86938,2888,31,154,66.75,https://www.youtube.com/watch?v=sfmL6bGbiN8
74,2nXOxLpeu80,Basics of SQL Injection - Penetration Testing for Ethical Hackers,2021-01-19,72274,2682,68,124,102.03333333333333,https://www.youtube.com/watch?v=2nXOxLpeu80
75,aoQ6S1a32j8,"How to Make a Landing Page using HTML, SCSS, and JavaScript - Full Course",2021-01-13,407594,16398,165,519,305.01666666666665,https://www.youtube.com/watch?v=aoQ6S1a32j8
76,flpmSXVTqBI,Java Testing - JUnit 5 Crash Course,2021-01-12,56457,1419,31,52,26.083333333333332,https://www.youtube.com/watch?v=flpmSXVTqBI
77,JwSS70SZdyM,Build 12 Data Science Apps with Python and Streamlit - Full Course,2021-01-07,247104,9859,76,333,191.86666666666667,https://www.youtube.com/watch?v=JwSS70SZdyM
78,rfdQHOB3jCU,Build a Complete Android App with Firebase - Full Course with Kotlin,2021-01-05,48846,1641,27,64,81.55,https://www.youtube.com/watch?v=rfdQHOB3jCU
79,QpR4QEv5Urk,Image Generation using GANs | Deep Learning with PyTorch: Zero to GANs | Part 6 of 6,2021-01-02,34742,1161,16,16,149.25,https://www.youtube.com/watch?v=QpR4QEv5Urk
80,zuegQmMdy8M,Pointers in C / C++ [Full Course],2020-12-29,576051,20595,194,682,227.38333333333333,https://www.youtube.com/watch?v=zuegQmMdy8M
81,1hPgQWbWmEk,"Build an Instagram Clone with React Native, Firebase Firestore, Redux, Expo - Full Course",2020-12-22,217690,6817,99,508,350.25,https://www.youtube.com/watch?v=1hPgQWbWmEk
82,0iB5IPoTDts,"Python Microservices Web App (with React, Django, Flask) - Full Course",2020-12-21,215562,7198,61,254,136.1,https://www.youtube.com/watch?v=0iB5IPoTDts
83,csIEMIoN0oQ,How to Build a Career in Tech: Jordan Jackson Connects the Dots,2020-12-18,17202,538,20,27,61.6,https://www.youtube.com/watch?v=csIEMIoN0oQ
84,41NOoEz3Tzc,Webhooks for Beginners - Full Course,2020-12-17,64554,2259,33,127,148.9,https://www.youtube.com/watch?v=41NOoEz3Tzc
85,xPi-z3nOcn8,Java Android App using REST API - Network Data in Android Course,2020-12-16,66621,2178,22,103,135.35,https://www.youtube.com/watch?v=xPi-z3nOcn8
86,SPTfmiYiuok,Code a Discord Bot with Python - Host for Free in the Cloud,2020-12-15,510075,17646,240,2469,68.46666666666667,https://www.youtube.com/watch?v=SPTfmiYiuok
87,d9QHNkD_Pos,Image Classification with Convolutional Neural Networks | Deep Learning with PyTorch: Zero to GANs |,2020-12-12,37789,1202,13,16,124.08333333333333,https://www.youtube.com/watch?v=d9QHNkD_Pos
88,Sz7SImkdIpo,Reactathon Conference Live Stream - Day Three,2020-12-09,21721,526,9,5,348.46666666666664,https://www.youtube.com/watch?v=Sz7SImkdIpo
89,8ext9G7xspg,12 Beginner Python Projects - Coding Course,2020-12-09,879279,32794,417,955,180.48333333333332,https://www.youtube.com/watch?v=8ext9G7xspg
90,KgTW0xfyr9A,Reactathon Conference Live Stream - Day One,2020-12-07,38490,1182,21,18,318.01666666666665,https://www.youtube.com/watch?v=KgTW0xfyr9A
91,xfzGZB4HhEE,Algorithmic Trading Using Python - Full Course,2020-12-04,789960,26338,237,1534,273.05,https://www.youtube.com/watch?v=xfzGZB4HhEE
92,oBt53YbR9Kk,Dynamic Programming - Learn to Solve Algorithmic Problems &amp; Coding Challenges,2020-12-03,1034388,40408,203,1886,310.03333333333336,https://www.youtube.com/watch?v=oBt53YbR9Kk
93,uuuzvOEC0zw,PyTorch Images and Logistic Regression | Deep Learning with PyTorch: Zero to GANs | Part 2 of 6,2020-11-28,34681,940,20,24,127.75,https://www.youtube.com/watch?v=uuuzvOEC0zw
94,XCsS_NVAa1g,Redis Course - In-Memory Database Tutorial,2020-11-25,45615,1178,62,60,86.98333333333333,https://www.youtube.com/watch?v=XCsS_NVAa1g
95,lX9hsdsAeTk,How to Undo Mistakes With Git Using the Command Line,2020-11-24,41832,1546,15,65,55.35,https://www.youtube.com/watch?v=lX9hsdsAeTk
96,5ioMqzMRFgM,PyTorch Basics and Gradient Descent | Deep Learning with PyTorch: Zero to GANs | Part 1 of 6,2020-11-21,74991,1709,16,50,109.25,https://www.youtube.com/watch?v=5ioMqzMRFgM
97,JnTa9XtvmfI,Linear Algebra - Full College Course,2020-11-19,387447,13631,85,525,699.75,https://www.youtube.com/watch?v=JnTa9XtvmfI
98,XVv6mJpFOb0,Web Scraping with Python - Beautiful Soup Crash Course,2020-11-18,260419,8269,99,392,68.38333333333334,https://www.youtube.com/watch?v=XVv6mJpFOb0
99,iVajTZgMk4M,Solving Python Challenges - Python Basics with Sam,2020-11-17,31402,990,18,18,64.58333333333333,https://www.youtube.com/watch?v=iVajTZgMk4M
100,BfEjDD8mWYg,ASP.NET Core Crash Course - C# App in One Hour,2020-11-16,257429,6282,58,387,60.733333333333334,https://www.youtube.com/watch?v=BfEjDD8mWYg
101,y51Cv4wnsPw,"Web App Tutorial - JavaScript, Mobile First, Accessibility, Persistent Data, Sass",2020-11-12,46280,1660,19,126,121.45,https://www.youtube.com/watch?v=y51Cv4wnsPw
102,NQP89ish9t8,"How to Put a Website Online: Template, Coding, Domain, Hosting, and DNS",2020-11-11,339507,14971,156,429,59.43333333333333,https://www.youtube.com/watch?v=NQP89ish9t8
103,fmyvWz5TUWg,Learn Ruby on Rails - Full Course,2020-11-09,187851,4503,76,411,243.81666666666666,https://www.youtube.com/watch?v=fmyvWz5TUWg
104,oXlwWbU8l2o,OpenCV Course - Full Tutorial with Python,2020-11-03,1036363,14634,247,548,221.7,https://www.youtube.com/watch?v=oXlwWbU8l2o
105,Vl0H-qTclOg,Microsoft Excel Tutorial for Beginners - Full Course,2020-10-28,665299,18284,187,537,146.16666666666666,https://www.youtube.com/watch?v=Vl0H-qTclOg
106,a_7Z7C_JCyo,Code 15 React Projects - Complete Course,2020-10-27,416757,13127,98,461,547.8,https://www.youtube.com/watch?v=a_7Z7C_JCyo
107,6ERdu4k62wI,Use PHP to Create an MVC Framework - Full Course,2020-10-22,95004,3221,44,213,363.78333333333336,https://www.youtube.com/watch?v=6ERdu4k62wI
108,Wf2eSG3owoA,Docker and Kubernetes - Full Course for Beginners,2020-10-22,107703,4045,86,244,258.0,https://www.youtube.com/watch?v=Wf2eSG3owoA
109,0oyCUWLL_fU,Practical Deep Learning for Coders - Full Course from fast.ai and Jeremy Howard,2020-10-21,187238,7503,55,156,672.5333333333333,https://www.youtube.com/watch?v=0oyCUWLL_fU
110,fi2WkznwWbc,Flutter App with Firebase Authentication and Firestore Tutorial - Crypto Wallet,2020-10-19,54321,1697,31,100,95.11666666666666,https://www.youtube.com/watch?v=fi2WkznwWbc
111,n1mdAPFq2Os,React / GraphQL Course - Build a social media app (MERNG Stack),2020-10-14,286185,9512,65,766,344.46666666666664,https://www.youtube.com/watch?v=n1mdAPFq2Os
112,312RhjfetP8,SQLite Database for Android - Full Course,2020-10-13,46915,1478,13,81,88.36666666666666,https://www.youtube.com/watch?v=312RhjfetP8
113,XU5pw3QRYjQ,Data Science Hands-On Crash Course,2020-10-08,58980,2207,30,65,141.2,https://www.youtube.com/watch?v=XU5pw3QRYjQ
114,yzeVMecydCE,Complete Guide to Open Source - How to Contribute,2020-10-07,103927,5227,49,331,41.88333333333333,https://www.youtube.com/watch?v=yzeVMecydCE
115,kZNIHeCaZiM,Chicken Nuggets and itertools - Python Basics with Sam,2020-10-06,15603,542,13,7,59.78333333333333,https://www.youtube.com/watch?v=kZNIHeCaZiM
116,4UZrsTqkcW4,"Full React Course 2020 - Learn Fundamentals, Hooks, Context API, React Router, Custom Hooks",2020-10-06,954878,24789,208,1308,607.8833333333333,https://www.youtube.com/watch?v=4UZrsTqkcW4
117,IPo71JPKUmg,Build a Website from Start to Finish using WordPress [Full Course],2020-10-01,190288,5697,135,290,310.21666666666664,https://www.youtube.com/watch?v=IPo71JPKUmg
118,SiBw7os-_zI,Intro to Object Oriented Programming - Crash Course,2020-09-30,276334,9998,114,376,30.3,https://www.youtube.com/watch?v=SiBw7os-_zI
119,8xPsg6yv7TU,JavaScript Tutorial: Build Flappy Bird and Doodle Jump,2020-09-28,95806,4289,53,152,88.76666666666667,https://www.youtube.com/watch?v=8xPsg6yv7TU
120,WPqXP_kLzpo,Visual Studio Code Crash Course,2020-09-23,392106,12278,142,397,92.58333333333333,https://www.youtube.com/watch?v=WPqXP_kLzpo
121,1vMtftJf7tQ,"Board Game, Lists and More - Python Basics with Sam",2020-09-22,22894,753,12,16,83.75,https://www.youtube.com/watch?v=1vMtftJf7tQ
122,aiTTClKJbnw,Flutter Tutorial - Building a Production App From Scratch,2020-09-22,107404,3275,64,160,53.35,https://www.youtube.com/watch?v=aiTTClKJbnw
123,_P3CrgFlXhg,UI Design Tutorial - Website From Wireframe,2020-09-21,72165,2714,30,83,36.56666666666667,https://www.youtube.com/watch?v=_P3CrgFlXhg
124,XRKIa4k0h2E,Data Analysis with Python: Part 6 of 6 - Exploratory Data Analysis - A Case Study [Live Course],2020-09-19,52042,1212,25,32,138.26666666666668,https://www.youtube.com/watch?v=XRKIa4k0h2E
125,qiQR5rTSshw,Computer Networking Course - Network Engineering [CompTIA Network+ Exam Prep],2020-09-17,642044,23336,227,677,564.8166666666667,https://www.youtube.com/watch?v=qiQR5rTSshw
126,7gigNsz4Oe8,Calculus 2 - Full College Course,2020-09-15,162471,5009,38,240,412.8833333333333,https://www.youtube.com/watch?v=7gigNsz4Oe8
127,bybjFBOBJlg,Data Analysis with Python: Part 5 of 6 - Visualization with Matplotlib and Seaborn (Live Course),2020-09-12,49643,1176,14,38,136.86666666666667,https://www.youtube.com/watch?v=bybjFBOBJlg
128,4G_BzLxa9Nw,Blazor Course - Use ASP.NET Core to Build Full-Stack C# Web Apps,2020-09-11,174173,3307,80,188,463.06666666666666,https://www.youtube.com/watch?v=4G_BzLxa9Nw
129,zg9ih6SVACc,Data Structures - Computer Science Course for Beginners,2020-09-08,460241,13873,127,479,179.43333333333334,https://www.youtube.com/watch?v=zg9ih6SVACc
130,pN92rnO_n5U,How to Design a Website ‚Äì A UX Wireframe Tutorial,2020-09-03,142685,6009,62,207,30.0,https://www.youtube.com/watch?v=pN92rnO_n5U
131,KX_AfyrhlgQ,AWS SysOps Administrator Associate 2020 (PASS THE EXAM!),2020-09-01,104123,3012,27,139,710.9833333333333,https://www.youtube.com/watch?v=KX_AfyrhlgQ
132,HGOBQPFzWKo,Intermediate Python Programming Course,2020-08-27,931963,27352,201,1148,355.78333333333336,https://www.youtube.com/watch?v=HGOBQPFzWKo
133,HfACrKJ_Y2w,Calculus 1 - Full College Course,2020-08-25,1689511,66304,677,2836,713.8,https://www.youtube.com/watch?v=HfACrKJ_Y2w
134,xapvhkhlPNI,Build a Shopping List for the Command Line - Python Basics with Sam,2020-08-25,21493,661,15,23,66.51666666666667,https://www.youtube.com/watch?v=xapvhkhlPNI
135,JOKJ6g3gUFE,Data Analysis with Python: Part 2 of 6 - Python Functions and Working with Files (Live Course),2020-08-22,86348,1803,35,56,132.8,https://www.youtube.com/watch?v=JOKJ6g3gUFE
136,QzAk9ngoeb4,Unit Testing in Vue.js - with Gwen Faraday,2020-08-21,25416,599,33,17,128.56666666666666,https://www.youtube.com/watch?v=QzAk9ngoeb4
137,Pi46L7UYP8I,ASP.NET Core MVC Course (.NET 5),2020-08-20,213288,4565,99,233,148.01666666666668,https://www.youtube.com/watch?v=Pi46L7UYP8I
138,_ZqAVck-WeM,Python Project Tutorial - Your First Python Project,2020-08-19,131599,4458,61,178,62.583333333333336,https://www.youtube.com/watch?v=_ZqAVck-WeM
139,VckRJ6v1yWU,Scope and Decorators - Python Basics with Sam,2020-08-18,18070,587,13,10,105.9,https://www.youtube.com/watch?v=VckRJ6v1yWU
140,7gigNsz4Oe8,Calculus 2 - Full College Course,2020-09-15,162471,5009,38,240,412.8833333333333,https://www.youtube.com/watch?v=7gigNsz4Oe8
141,bybjFBOBJlg,Data Analysis with Python: Part 5 of 6 - Visualization with Matplotlib and Seaborn (Live Course),2020-09-12,49643,1176,14,38,136.86666666666667,https://www.youtube.com/watch?v=bybjFBOBJlg
142,4G_BzLxa9Nw,Blazor Course - Use ASP.NET Core to Build Full-Stack C# Web Apps,2020-09-11,174173,3307,80,188,463.06666666666666,https://www.youtube.com/watch?v=4G_BzLxa9Nw
143,zg9ih6SVACc,Data Structures - Computer Science Course for Beginners,2020-09-08,460241,13873,127,479,179.43333333333334,https://www.youtube.com/watch?v=zg9ih6SVACc
144,b2mLDkMSyn4,Data Analysis with Python: Part 4 of 6 - Analyzing tabular data with Pandas,2020-09-05,50942,1162,32,41,123.91666666666667,https://www.youtube.com/watch?v=b2mLDkMSyn4
145,VyWAvY2CF9c,Deep Learning Crash Course for Beginners,2020-07-30,130899,4087,67,125,85.65,https://www.youtube.com/watch?v=VyWAvY2CF9c
146,JgwI22y_eFA,"Build an Online Store Using AWS, React, and Stripe",2020-07-27,87010,2784,62,116,56.43333333333333,https://www.youtube.com/watch?v=JgwI22y_eFA
147,LwCRRUa8yTU,College Algebra - Full Course,2020-07-24,1159662,40453,513,2131,403.78333333333336,https://www.youtube.com/watch?v=LwCRRUa8yTU
148,SLB_c_ayRMo,Terraform Course - Automate your AWS cloud infrastructure,2020-07-16,401880,8144,85,427,140.96666666666667,https://www.youtube.com/watch?v=SLB_c_ayRMo
149,T9Po6hgTbeQ,Live Coding Project: Create a Calculator using Vue.js - with Gwen Faraday,2020-07-10,27190,782,23,19,79.36666666666666,https://www.youtube.com/watch?v=T9Po6hgTbeQ
150,F2JCjVSZlG0,React / Typescript Tutorial - Build a Quiz App,2020-07-09,161909,3999,90,260,80.01666666666667,https://www.youtube.com/watch?v=F2JCjVSZlG0
151,z2k9Jh3jDVU,Intro to Python Livestream - Python Basics with Sam,2020-07-07,139674,3274,58,113,119.28333333333333,https://www.youtube.com/watch?v=z2k9Jh3jDVU
152,TQUy8ENesGY,Deno Course - Better than Node.js?,2020-06-30,65776,2257,26,169,383.1166666666667,https://www.youtube.com/watch?v=TQUy8ENesGY
153,ABaZ_tecZ3U,Deep Learning with PyTorch Live Course - GANs for Image Generation (Part 6 of 6),2020-06-27,34002,762,23,24,119.9,https://www.youtube.com/watch?v=ABaZ_tecZ3U
154,Oc_ITwxiG-Y,Strapi &amp; GatsbyJS Course - Portfolio Project,2020-06-25,41158,1130,16,51,317.3666666666667,https://www.youtube.com/watch?v=Oc_ITwxiG-Y
155,pqNCD_5r0IU,Scikit-Learn Course - Machine Learning in Python Tutorial,2020-06-23,173652,3844,138,138,174.41666666666666,https://www.youtube.com/watch?v=pqNCD_5r0IU
156,sJF6PiAjE1M,"Deep Learning with PyTorch Live Course - ResNet, Regularization and Data Augmentation (Part 5 of 6)",2020-06-20,29172,649,18,29,124.85,https://www.youtube.com/watch?v=sJF6PiAjE1M
157,qFJeN9V1ZsI,Keras with TensorFlow Course - Python Deep Learning and Neural Networks for Beginners Tutorial,2020-06-18,368503,10144,137,420,167.91666666666666,https://www.youtube.com/watch?v=qFJeN9V1ZsI
158,NKEFWyqJ5XA,Microsoft Azure Fundamentals Certification Course (AZ-900) - Pass the exam in 3 hours!,2020-06-17,1563617,23449,328,1183,190.43333333333334,https://www.youtube.com/watch?v=NKEFWyqJ5XA
159,P-OAIn_eGpI,"Project Euler Challenges 24, 28, 29 - Coding Challenges with Florin",2020-06-17,13909,275,10,11,79.78333333333333,https://www.youtube.com/watch?v=P-OAIn_eGpI
160,P2IGQT3BZQo,"Flutter Essentials - Learn to make apps for Android, iOS, Windows, Mac, Linux (Full Course)",2020-06-16,73657,2003,41,179,154.3,https://www.youtube.com/watch?v=P2IGQT3BZQo
161,TN9fMYQxw4E,Deep Learning with PyTorch Live Course - Image Classification with CNNs (Part 4 of 6),2020-06-13,33926,792,14,26,124.51666666666667,https://www.youtube.com/watch?v=TN9fMYQxw4E
162,Wvf0mBNGjXY,DevOps Prerequisites Course - Getting started with DevOps,2020-06-12,147969,3612,32,99,166.13333333333333,https://www.youtube.com/watch?v=Wvf0mBNGjXY
163,3PHXvlpOkf4,Build 15 JavaScript Projects - Vanilla JavaScript Course,2020-06-09,773213,23595,206,667,503.95,https://www.youtube.com/watch?v=3PHXvlpOkf4
164,LHBE6Q9XlzI,"Python for Data Science - Course for Beginners (Learn Python, Pandas, NumPy, Matplotlib)",2020-06-02,975931,28504,301,744,739.8666666666667,https://www.youtube.com/watch?v=LHBE6Q9XlzI
165,4ZZrP68yXCI,Deep Learning with PyTorch Live Course - Working with Images &amp; Logistic Regression (Part 2 of 6),2020-05-30,50163,1323,26,64,125.51666666666667,https://www.youtube.com/watch?v=4ZZrP68yXCI
166,RGOj5yH7evk,Git and GitHub for Beginners - Crash Course,2020-05-28,838552,26608,383,1213,68.5,https://www.youtube.com/watch?v=RGOj5yH7evk
167,fis26HvvDII,Android Development for Beginners - Full Course,2020-05-26,1376207,33980,347,1588,696.45,https://www.youtube.com/watch?v=fis26HvvDII
168,vo_fUOk-IKk,"Deep Learning with PyTorch Live Course - Tensors, Gradient Descent &amp; Linear Regression (Part 1 of 6)",2020-05-23,129813,4494,53,139,125.4,https://www.youtube.com/watch?v=vo_fUOk-IKk
169,X4eRbHgRawI,Web Application Ethical Hacking - Penetration Testing Course for Beginners,2020-05-21,149875,4713,57,143,301.25,https://www.youtube.com/watch?v=X4eRbHgRawI
170,DKlTBBuc32c,Spring Boot and Angular Tutorial - Build a Reddit Clone (Coding Project),2020-05-19,207018,4918,72,399,193.31666666666666,https://www.youtube.com/watch?v=DKlTBBuc32c
171,rAUn1Lom6dw,Code Tetris: JavaScript Tutorial for Beginners,2020-05-14,194804,5202,133,631,96.13333333333334,https://www.youtube.com/watch?v=rAUn1Lom6dw
172,byHcYRpMgI4,SQLite Databases With Python - Full Course,2020-05-12,208115,6172,72,317,89.61666666666666,https://www.youtube.com/watch?v=byHcYRpMgI4
173,3Xc3CA655Y4,Matplotlib Crash Course,2020-05-07,59655,1929,15,87,91.68333333333334,https://www.youtube.com/watch?v=3Xc3CA655Y4
174,si9tjcnxruU,The Oracle Foundations Associate Cloud Certification (PASS THE EXAM) ‚Äì Full Course,2020-05-02,122914,2564,39,286,167.1,https://www.youtube.com/watch?v=si9tjcnxruU
175,GIsg-ZUy0MY,PyTorch for Deep Learning - Full Course / Tutorial,2020-04-30,369098,9503,134,324,581.6666666666666,https://www.youtube.com/watch?v=GIsg-ZUy0MY
176,whuIf33v2Ug,Yii2 PHP Framework - Full Course (Build a YouTube Clone),2020-04-28,81312,2029,27,201,424.4,https://www.youtube.com/watch?v=whuIf33v2Ug
177,-h7gOJbIpmo,How to Create a Custom WordPress Theme - Full Course,2020-04-23,292745,6763,114,384,152.58333333333334,https://www.youtube.com/watch?v=-h7gOJbIpmo
178,zOjov-2OZ0E,Introduction to Programming and Computer Science - Full Course,2020-04-21,1644756,49441,469,1630,119.15,https://www.youtube.com/watch?v=zOjov-2OZ0E
179,r-uOLxNrNk8,"Data Analysis with Python - Full Course for Beginners (Numpy, Pandas, Matplotlib, Seaborn)",2020-04-15,890440,21973,233,547,262.21666666666664,https://www.youtube.com/watch?v=r-uOLxNrNk8
180,lhNdUVh3qCc,Learn JavaScript by Building 7 Games - Full Course,2020-04-08,430773,13950,376,941,109.16666666666667,https://www.youtube.com/watch?v=lhNdUVh3qCc
181,RrKRN9zRBWs,AWS Certified Developer - Associate 2020 (PASS THE EXAM!),2020-04-03,395228,9041,64,558,718.6,https://www.youtube.com/watch?v=RrKRN9zRBWs
182,ldYcgPKEZC8,"PERN Stack Course - Postgres, Express, React, and Node",2020-03-19,156529,3681,35,272,82.75,https://www.youtube.com/watch?v=ldYcgPKEZC8
183,A_l0qrPUJds,"JAMstack Course - Build websites that are simpler, faster, and more secure",2020-03-10,84614,2225,24,134,210.91666666666666,https://www.youtube.com/watch?v=A_l0qrPUJds
184,tPYj3fFJGjk,TensorFlow 2.0 Complete Course - Python Neural Networks for Beginners Tutorial,2020-03-03,1295190,34179,399,1301,412.1333333333333,https://www.youtube.com/watch?v=tPYj3fFJGjk
185,rPSL1alFIjI,Functional Programming in Java - Full Course,2020-02-24,86945,2400,34,60,142.25,https://www.youtube.com/watch?v=rPSL1alFIjI
186,_xkSvufmjEs,Build and deploy a portfolio website [Full Tutorial Course],2020-02-18,371686,10021,124,316,143.26666666666668,https://www.youtube.com/watch?v=_xkSvufmjEs
187,iEKdtB53IXs,Build a Brain Computer App with React Native - Live Coding with Jesse,2020-02-16,44452,905,25,28,83.63333333333334,https://www.youtube.com/watch?v=iEKdtB53IXs
188,C5cnZ-gZy2I,Learn ASP.NET Core 3.1 - Full Course for Beginners [Tutorial],2020-02-05,858846,11862,333,604,193.3,https://www.youtube.com/watch?v=C5cnZ-gZy2I
189,B2q5cRJvqI8,Natural Language Processing with TensorFlow 2 - Beginner&#39;s Course,2020-01-29,60049,1832,50,69,95.73333333333333,https://www.youtube.com/watch?v=B2q5cRJvqI8
190,U3VSJhaC4kc,AWS for Startups - Deploying with AWS Tutorial,2020-01-21,70699,1929,21,66,244.4,https://www.youtube.com/watch?v=U3VSJhaC4kc
191,4TIvB8zDFio,Ultimate Freelancing Guide for Web Developers (Make money through freelance programming!),2020-01-15,135917,5381,48,177,180.68333333333334,https://www.youtube.com/watch?v=4TIvB8zDFio
192,Ia-UEYYR44s,AWS Certified Solutions Architect - Associate 2020 (PASS THE EXAM!),2019-12-23,1383458,29429,205,1483,626.3166666666667,https://www.youtube.com/watch?v=Ia-UEYYR44s
193,GZvSYJDk-us,APIs for Beginners - How to use an API (Full Course / Tutorial),2019-12-17,1803263,48969,653,1466,139.55,https://www.youtube.com/watch?v=GZvSYJDk-us
194,LsNW4FPHuZE,Learn Unreal Engine (with C++) - Full Course for Beginners,2019-12-09,493335,15772,315,698,282.71666666666664,https://www.youtube.com/watch?v=LsNW4FPHuZE
195,lauywdXKEXI,"Plan, Code, and Deploy a Startup in 2 Hours [Full Stack JavaScript Tutorial]",2019-11-26,139757,4131,51,135,119.45,https://www.youtube.com/watch?v=lauywdXKEXI
196,0hd0FPd47II,Quincy Interviews Open Source Legends The Changelog for their 10 Year Anniversary,2019-11-21,10528,317,7,22,239.26666666666668,https://www.youtube.com/watch?v=0hd0FPd47II
197,YXPyB4XeYLA,Tkinter Course - Create Graphic User Interfaces in Python Tutorial,2019-11-19,1551039,34553,463,1838,337.51666666666665,https://www.youtube.com/watch?v=YXPyB4XeYLA
198,x5gLL8-M9Fo,What are JSON Web Tokens? JWT Auth Explained [Tutorial],2019-11-12,62704,1300,16,49,101.0,https://www.youtube.com/watch?v=x5gLL8-M9Fo
199,Iz08OTTjR04,Android Development Course - Build Native Apps with Kotlin Tutorial,2019-10-29,190813,4345,105,129,204.91666666666666,https://www.youtube.com/watch?v=Iz08OTTjR04
200,3hLmDS179YE,AWS Certified Cloud Practitioner Training 2020 - Full Course,2019-10-24,1757471,27762,335,1893,238.01666666666668,https://www.youtube.com/watch?v=3hLmDS179YE
201,FfWpgLFMI7w,Pygame Tutorial for Beginners - Python Game Development Course,2019-10-22,1072527,22988,452,2680,135.81666666666666,https://www.youtube.com/watch?v=FfWpgLFMI7w
202,1Rs2ND1ryYc,CSS Tutorial - Zero to Hero (Complete Course),2019-10-16,1424043,33100,407,1397,378.6333333333333,https://www.youtube.com/watch?v=1Rs2ND1ryYc
203,RyTRgQ7k6QE,Learn Bootstrap by creating a custom admin theme - Intermediate Tutorial,2019-10-14,108776,2366,53,89,171.33333333333334,https://www.youtube.com/watch?v=RyTRgQ7k6QE
204,09_LlHjoEiY,Algorithms Course - Graph Theory Tutorial from a Google Engineer,2019-10-09,943583,29240,174,544,404.6666666666667,https://www.youtube.com/watch?v=09_LlHjoEiY
205,mT5siI19gtc,Netlify Tutorial - How to build and deploy websites using Netlify,2019-10-03,51572,1104,22,60,212.33333333333334,https://www.youtube.com/watch?v=mT5siI19gtc
206,RBSGKlAvoiM,Data Structures Easy to Advanced Course - Full Tutorial from a Google Engineer,2019-09-19,3091352,74837,732,1713,483.28333333333336,https://www.youtube.com/watch?v=RBSGKlAvoiM
207,srvUrASNj0s,Introduction To Responsive Web Design - HTML &amp; CSS Tutorial,2019-09-18,571099,16293,125,533,254.13333333333333,https://www.youtube.com/watch?v=srvUrASNj0s
208,GytUZLK4kwA,CEO can code? Watch Netlify&#39;s CEO code a Sudoku app from scratch in a bar on a Saturday night,2019-09-06,54434,995,20,74,84.7,https://www.youtube.com/watch?v=GytUZLK4kwA
209,AsTagX5tG4E,How to start a coding YouTube channel (with tips from a bunch of successful creators!),2019-09-04,106897,4886,59,328,65.95,https://www.youtube.com/watch?v=AsTagX5tG4E
210,vtPkZShrvXQ,Spring Boot Tutorial for Beginners (Java Framework),2019-09-03,812313,13322,391,673,109.48333333333333,https://www.youtube.com/watch?v=vtPkZShrvXQ
211,hT3j87FMR6M,"Intermediate React Tutorial - Todoist Clone (with Firebase, Custom Hooks, SCSS, React Testing)",2019-08-27,126625,3399,44,257,458.65,https://www.youtube.com/watch?v=hT3j87FMR6M
212,YZvRrldjf1Y,How to Build an E-commerce Website with Django and Python,2019-08-19,783294,14350,227,533,262.2,https://www.youtube.com/watch?v=YZvRrldjf1Y
213,fqMOX6JJhGo,Docker Tutorial for Beginners - A Full DevOps Course on How to Run Applications in Containers,2019-08-16,1408547,26463,313,845,130.31666666666666,https://www.youtube.com/watch?v=fqMOX6JJhGo
214,ZGOaCxX8HIU,How to Build Tetris in React - GameDev Tutorial (with React Hooks!),2019-08-14,96048,2459,36,183,154.3,https://www.youtube.com/watch?v=ZGOaCxX8HIU
215,jUfEn032IL8,Learn Angular Material - Full Tutorial,2019-08-13,192326,3577,51,128,183.81666666666666,https://www.youtube.com/watch?v=jUfEn032IL8
216,QUT1VHiLmmI,Python NumPy Tutorial for Beginners,2019-08-07,407131,11353,123,256,58.166666666666664,https://www.youtube.com/watch?v=QUT1VHiLmmI
217,AeC4G-H-MQA,Kotlin Programming Fundamentals Tutorial - Full Course,2019-08-05,72361,1918,25,89,249.96666666666667,https://www.youtube.com/watch?v=AeC4G-H-MQA
218,3Kq1MIfTWCE,Full Ethical Hacking Course - Network Penetration Testing for Beginners (2019),2019-07-29,4318719,154831,1357,5003,891.2333333333333,https://www.youtube.com/watch?v=3Kq1MIfTWCE
219,GJJc1t0rtSU,Deep Reinforcement Learning in Python Tutorial - A Course on How to Implement Deep Learning Papers,2019-07-16,43581,1182,13,38,177.18333333333334,https://www.youtube.com/watch?v=GJJc1t0rtSU
220,F9UC9DY-vIU,Kotlin Course - Tutorial for Beginners,2019-07-12,712046,14112,187,949,158.51666666666668,https://www.youtube.com/watch?v=F9UC9DY-vIU
221,gG3pytAY2MY,Getting Started with Node.js - Full Tutorial,2019-07-08,118564,2487,42,74,150.8,https://www.youtube.com/watch?v=gG3pytAY2MY
222,lZAoFs75_cs,Linux for Ethical Hackers (Kali Linux Tutorial),2019-07-05,2244466,49875,958,2077,123.1,https://www.youtube.com/watch?v=lZAoFs75_cs
223,pTJJsmejUOQ,Flutter Course - Full Tutorial for Beginners (Build iOS and Android Apps),2019-07-03,564556,11093,308,315,105.88333333333334,https://www.youtube.com/watch?v=pTJJsmejUOQ
224,_8V5o2UHG0E,Data Visualization with D3.js - Full Tutorial Course,2019-07-01,579324,13094,133,289,777.6166666666667,https://www.youtube.com/watch?v=_8V5o2UHG0E
225,coQ5dg8wM2o,Build Your First Blockchain App Using Ethereum Smart Contracts and Solidity,2019-06-28,369897,9552,144,661,91.11666666666666,https://www.youtube.com/watch?v=coQ5dg8wM2o
226,7CqJlxBYj-M,"Learn the MERN Stack - Full Tutorial (MongoDB, Express, React, Node.js)",2019-06-25,885807,17396,336,1342,107.03333333333333,https://www.youtube.com/watch?v=7CqJlxBYj-M
227,m_u6P5k0vP0,Full Stack React &amp; Firebase Tutorial - Build a social media app,2019-06-24,823393,21744,137,1856,725.5166666666667,https://www.youtube.com/watch?v=m_u6P5k0vP0
228,YS4e4q9oBaU,Learn Go Programming - Golang Tutorial for Beginners,2019-06-20,1117132,23759,231,970,399.96666666666664,https://www.youtube.com/watch?v=YS4e4q9oBaU
229,MpGLUVbqoYQ,Learn Webpack - Full Tutorial for Beginners,2019-06-19,185826,5308,69,416,113.01666666666667,https://www.youtube.com/watch?v=MpGLUVbqoYQ
230,S6S5JF6Gou0,Penetration Testing: Gophish Tutorial (Phishing Framework),2019-06-17,89865,1343,94,116,95.43333333333334,https://www.youtube.com/watch?v=S6S5JF6Gou0
231,xxpc-HPKN28,Statistics - A Full University Course on Data Science Basics,2019-06-12,881545,22017,270,588,495.06666666666666,https://www.youtube.com/watch?v=xxpc-HPKN28
232,QEMfnr5MO1w,"AWS AppSync Tutorial - GraphQL APIs with AppSync, Amplify and Angular",2019-06-11,32736,534,20,28,94.9,https://www.youtube.com/watch?v=QEMfnr5MO1w
233,kLO4X_3VYdg,Intro to HTML &amp; CSS - Tutorial,2019-06-10,58729,1277,47,62,93.06666666666666,https://www.youtube.com/watch?v=kLO4X_3VYdg
234,_V8eKsto3Ug,R Programming Tutorial - Learn the Basics of Statistical Computing,2019-06-06,1708904,28992,883,989,130.65,https://www.youtube.com/watch?v=_V8eKsto3Ug
235,ua-CiDNNj30,Learn Data Science Tutorial - Full Course for Beginners,2019-05-30,1396164,34946,524,817,352.15,https://www.youtube.com/watch?v=ua-CiDNNj30
236,Z1RJmh_OqeA,Learn Flask for Python - Full Tutorial,2019-05-28,762152,13138,319,1019,46.983333333333334,https://www.youtube.com/watch?v=Z1RJmh_OqeA
237,GoXwIVyNvX0,Intro to Java Programming - Course for Absolute Beginners,2019-05-21,873467,16330,305,552,228.41666666666666,https://www.youtube.com/watch?v=GoXwIVyNvX0
238,kzWIUX3CpuI,The Great Gatsby Bootcamp - Full Gatsby.js Tutorial Course,2019-05-15,74203,1777,22,163,278.6333333333333,https://www.youtube.com/watch?v=kzWIUX3CpuI
239,ELE2_Mftqoc,Reinforcement Learning Course - Full Machine Learning Tutorial,2019-05-14,120646,2923,86,107,235.45,https://www.youtube.com/watch?v=ELE2_Mftqoc
240,ImtZ5yENzgE,Laravel PHP Framework Tutorial - Full Course for Beginners (2019),2019-05-07,1397414,20985,336,2269,265.0833333333333,https://www.youtube.com/watch?v=ImtZ5yENzgE
241,8DvywoWv6fI,Python for Everybody - Full University Python Course,2019-05-02,2618937,82291,694,3044,820.1666666666666,https://www.youtube.com/watch?v=8DvywoWv6fI
242,mU6anWqZJcc,Learn HTML5 and CSS3 From Scratch - Full Course,2019-04-30,2696126,61720,655,2788,690.8833333333333,https://www.youtube.com/watch?v=mU6anWqZJcc
243,ZfQFUJhPqMM,Learn Regular Expressions (Regex) - Crash Course for Beginners,2019-04-18,84057,2223,27,123,45.63333333333333,https://www.youtube.com/watch?v=ZfQFUJhPqMM
244,dPWYUELwIdM,How Deep Neural Networks Work - Full Course for Beginners,2019-04-16,168841,3130,67,88,230.95,https://www.youtube.com/watch?v=dPWYUELwIdM
245,iAHQopLuZ4Q,MASTER your coding interview,2019-04-12,81768,2206,35,72,274.93333333333334,https://www.youtube.com/watch?v=iAHQopLuZ4Q
246,qw--VYLpxG4,Learn PostgreSQL Tutorial - Full Course for Beginners,2019-04-04,882477,18466,265,1193,259.56666666666666,https://www.youtube.com/watch?v=qw--VYLpxG4
247,8392NJjj8s0,Develop an AI to play Connect Four - Python Tutorial,2019-03-29,67457,867,16,50,86.58333333333333,https://www.youtube.com/watch?v=8392NJjj8s0
248,McoDjOCb2Zo,Python Online Multiplayer Game Development Tutorial,2019-03-27,197997,4725,67,278,141.35,https://www.youtube.com/watch?v=McoDjOCb2Zo
249,wfWxdh-_k_4,Create a C# Application from Start to Finish - Complete Course,2019-03-25,1263269,30121,328,1351,1438.7,https://www.youtube.com/watch?v=wfWxdh-_k_4
250,KibbYf9avko,How to Make a Custom Website from Scratch using WordPress (Theme Development) - 2019 Tutorial,2019-03-11,395606,7815,133,357,267.23333333333335,https://www.youtube.com/watch?v=KibbYf9avko
251,ZihKWQXRBmE,How to Code Like a Pro (with Dylan Israel),2019-03-07,114439,2738,81,102,120.95,https://www.youtube.com/watch?v=ZihKWQXRBmE
252,N6BghzuFLIg,Intro to Data Science - Crash Course for Beginners,2019-03-04,180529,3663,63,106,99.8,https://www.youtube.com/watch?v=N6BghzuFLIg
253,_drzb7j9Bg4,Foundation CSS Framework Tutorial - Crash Course for Beginners,2019-02-27,48276,738,63,34,99.16666666666667,https://www.youtube.com/watch?v=_drzb7j9Bg4
254,p65AHm9MX80,Python Algorithms for Interviews,2019-02-19,280418,6692,127,281,227.13333333333333,https://www.youtube.com/watch?v=p65AHm9MX80
255,riijspB9DIQ,Valve developers discuss Portal problems  - CS50&#39;s Intro to Game Development,2019-02-13,25866,861,5,58,101.46666666666667,https://www.youtube.com/watch?v=riijspB9DIQ
256,G8uL0lFFoN0,Express.js &amp; Node.js Course for Beginners - Full Tutorial,2019-02-12,230429,3487,100,183,148.23333333333332,https://www.youtube.com/watch?v=G8uL0lFFoN0
257,gx_qorHxBpI,Pok√©mon Coding Tutorial - CS50&#39;s Intro to Game Development,2019-02-07,80837,1639,17,57,120.91666666666667,https://www.youtube.com/watch?v=gx_qorHxBpI
258,SPAffu3ivIM,Legend of Zelda Coding Tutorial - CS50&#39;s Intro to Game Development,2019-02-05,25276,586,13,32,101.98333333333333,https://www.youtube.com/watch?v=SPAffu3ivIM
259,rBHusPevM5k,Flappy Bird (with Lua) - CS50&#39;s Intro to Game Development,2019-02-01,33125,582,9,44,125.4,https://www.youtube.com/watch?v=rBHusPevM5k
260,CNuI8OWsppg,Applied Deep Learning with PyTorch - Full Course,2019-01-31,132711,2762,38,113,340.06666666666666,https://www.youtube.com/watch?v=CNuI8OWsppg
261,jZqYXSmgDuM,Pong (with Lua) - CS50&#39;s Intro to Game Development,2019-01-31,73530,1067,18,81,97.05,https://www.youtube.com/watch?v=jZqYXSmgDuM
262,TplT4qjz1RQ,SQL - Intro to Computer Science - Harvard&#39;s CS50 (2018),2019-01-30,107246,2305,27,81,112.0,https://www.youtube.com/watch?v=TplT4qjz1RQ
263,TPMlZxRRaBQ,Tableau for Data Science and Data Visualization - Crash Course Tutorial,2019-01-29,388982,5591,105,128,28.7,https://www.youtube.com/watch?v=TPMlZxRRaBQ
264,zdgYw-3tzfI,Web Programming with Flask - Intro to Computer Science - Harvard&#39;s CS50 (2018),2019-01-29,167292,3832,33,122,111.76666666666667,https://www.youtube.com/watch?v=zdgYw-3tzfI
265,mudOTSUumXg,"HTTP, HTML, CSS - Intro to Computer Science - Harvard&#39;s CS50 (2018)",2019-01-27,103714,2622,17,95,106.31666666666666,https://www.youtube.com/watch?v=mudOTSUumXg
266,ba7e4mksR5I,Arrays and Sorting Algorithms - Intro to Computer Science - Harvard&#39;s CS50 (2018),2019-01-24,110105,1946,20,115,127.55,https://www.youtube.com/watch?v=ba7e4mksR5I
267,ix5jPkxsr7M,C Programming Language - Intro to Computer Science - Harvard&#39;s CS50 (2018),2019-01-23,307524,6319,83,254,133.28333333333333,https://www.youtube.com/watch?v=ix5jPkxsr7M
268,F0WoVEr0-44,Computational Thinking &amp; Scratch - Intro to Computer Science - Harvard&#39;s CS50 (2018),2019-01-22,381562,7170,55,254,70.58333333333333,https://www.youtube.com/watch?v=F0WoVEr0-44
269,Sqb-Ue7wpsI,Unity FPS Survival Game Tutorial - First Person Shooter Game Dev,2019-01-21,478060,11319,243,811,492.0,https://www.youtube.com/watch?v=Sqb-Ue7wpsI
270,TbMKwl11itQ,Create a Keylogger with Python - Tutorial,2019-01-17,221787,5131,106,457,11.633333333333333,https://www.youtube.com/watch?v=TbMKwl11itQ
271,uIkxsBgkpj8,Improve Cybersecurity Skills with CTFs - PicoCTF Walkthrough (2018),2019-01-16,198789,4806,45,128,284.9166666666667,https://www.youtube.com/watch?v=uIkxsBgkpj8
272,wPQ1-33teR4,React Tutorial: Build an e-commerce site from scratch using React and Netlify,2019-01-15,424608,7101,104,367,378.25,https://www.youtube.com/watch?v=wPQ1-33teR4
273,comQ1-x2a1Q,Swift Tutorial - Full Course for Beginners,2019-01-09,388244,5874,90,215,189.96666666666667,https://www.youtube.com/watch?v=comQ1-x2a1Q
274,6E6XecoTRVo,Neural Networks with JavaScript - Full Course using Brain.js,2019-01-07,77580,1834,21,68,92.11666666666666,https://www.youtube.com/watch?v=6E6XecoTRVo
275,F5mRW0jo-U4,Python Django Web Framework - Full Course for Beginners,2019-01-02,2441880,33798,858,1637,225.68333333333334,https://www.youtube.com/watch?v=F5mRW0jo-U4
276,1wn5Ur1_vKg,How to make a 3d fight game in Unity - full tutorial,2018-12-31,59431,1039,37,85,203.65,https://www.youtube.com/watch?v=1wn5Ur1_vKg
277,ieTHC78giGQ,CSS Full Course - Includes Flexbox and CSS Grid Tutorials,2018-12-27,556180,11512,288,401,85.65,https://www.youtube.com/watch?v=ieTHC78giGQ
278,m_HJ3juuFvo,Javascript Project Tutorial: Budget App,2018-12-21,172472,3553,49,141,91.63333333333334,https://www.youtube.com/watch?v=m_HJ3juuFvo
279,C6jJg9Zan7w,Python Game Tutorial: Pong,2018-12-19,374579,6562,122,1344,44.05,https://www.youtube.com/watch?v=C6jJg9Zan7w
280,DLX62G4lc44,Learn React JS - Full Course for Beginners - Tutorial 2019,2018-12-18,2627097,39716,404,2223,305.56666666666666,https://www.youtube.com/watch?v=DLX62G4lc44
281,2_lswM1S264,Ethical Hacking 101: Web App Penetration Testing - a full course for beginners,2018-12-12,1004528,23288,328,540,167.95,https://www.youtube.com/watch?v=2_lswM1S264
282,PkZNo7MFNFg,Learn JavaScript - Full Course for Beginners,2018-12-10,6569491,129803,1844,6126,206.71666666666667,https://www.youtube.com/watch?v=PkZNo7MFNFg
283,q_TZhCWbS3I,JavaScript Project Tutorial: Shopping Cart,2018-12-07,125111,2112,42,79,54.63333333333333,https://www.youtube.com/watch?v=q_TZhCWbS3I
284,zfvxp7PgQ6c,Python and Pygame Tutorial - Build Tetris! Full GameDev Course,2018-12-05,161548,2279,75,141,100.75,https://www.youtube.com/watch?v=zfvxp7PgQ6c
285,RLtyhwFtXQA,Learn Node.js - Full Tutorial for Beginners,2018-12-04,747728,10397,218,484,168.73333333333332,https://www.youtube.com/watch?v=RLtyhwFtXQA
286,GpOO5iKzOmY,Learn JSON - Full Crash Course for Beginners,2018-12-03,79822,3068,26,146,11.733333333333333,https://www.youtube.com/watch?v=GpOO5iKzOmY
287,w-OKdSHRlfA,Create a Platformer Game with JavaScript - Full Tutorial,2018-11-21,359433,6888,149,220,162.86666666666667,https://www.youtube.com/watch?v=w-OKdSHRlfA
288,NnpISZANByg,React Beginners Tutorial - Build an Autocomplete Text Box,2018-11-20,74151,1080,15,61,45.15,https://www.youtube.com/watch?v=NnpISZANByg
289,6G_UQ0YepV8,7 Habits of Successful Software Engineers,2018-11-19,72568,2223,122,116,9.333333333333334,https://www.youtube.com/watch?v=6G_UQ0YepV8
290,2V1UUhBJ62Y,npm Tutorial for Beginners,2018-11-16,42572,869,75,34,14.566666666666666,https://www.youtube.com/watch?v=2V1UUhBJ62Y
291,8o25pRbXdFw,How to Build a Discord Bot - Full JavaScript Chatbot Tutorial,2018-11-14,102013,2242,48,389,27.483333333333334,https://www.youtube.com/watch?v=8o25pRbXdFw
292,EoYfa6mYOG4,Learn TensorFlow.js - Deep Learning and Neural Networks with JavaScript,2018-11-13,119751,2538,54,105,79.61666666666666,https://www.youtube.com/watch?v=EoYfa6mYOG4
293,jaVNP3nIAv0,"Web Development Tutorial - JavaScript,  HTML, CSS - Rock Paper Scissors Game",2018-11-09,781485,19410,364,948,87.28333333333333,https://www.youtube.com/watch?v=jaVNP3nIAv0
294,2OHbjep_WjQ,Learn Angular - Full Tutorial Course,2018-11-06,587657,7821,220,253,337.98333333333335,https://www.youtube.com/watch?v=2OHbjep_WjQ
295,rO8-cgtkZSw,Writing Code like a Real Hacker (VS Code Macro Extension),2018-11-06,405483,8164,514,318,12.366666666666667,https://www.youtube.com/watch?v=rO8-cgtkZSw
296,1BT4efG-ItA,Introduction to Front End Testing,2018-11-01,15205,319,8,11,25.533333333333335,https://www.youtube.com/watch?v=1BT4efG-ItA
297,iYwF2qXBt4c,Getting Your First Developer Job,2018-10-31,18930,626,24,66,21.016666666666666,https://www.youtube.com/watch?v=iYwF2qXBt4c
298,n_ec3eowFLQ,Simon Game JavaScript Tutorial for Beginners,2018-10-26,50743,1045,9,71,63.38333333333333,https://www.youtube.com/watch?v=n_ec3eowFLQ
299,kMT54MPz9oE,HTML and CSS Tutorial - Create a Website for Beginners,2018-10-15,325481,6121,78,281,129.25,https://www.youtube.com/watch?v=kMT54MPz9oE
300,3EMxBkqC4z0,Intro to Game Development with JavaScript - Full Tutorial,2018-10-11,388422,8033,126,593,76.25,https://www.youtube.com/watch?v=3EMxBkqC4z0
301,2ZphE5HcQPQ,JavaScript Classes Tutorial,2018-10-09,116780,2514,36,152,61.483333333333334,https://www.youtube.com/watch?v=2ZphE5HcQPQ
302,2SpuBqvNjHI,Maths for Programmers Tutorial - Full Course on Sets and Logic,2018-10-01,464998,16175,146,426,60.13333333333333,https://www.youtube.com/watch?v=2SpuBqvNjHI
303,WNi6kOhMDJQ,Useful Tooltips: CSS Tutorial (Day 18 of CSS3 in 30 Days),2018-09-28,12615,301,2,17,30.966666666666665,https://www.youtube.com/watch?v=WNi6kOhMDJQ
304,AUAbh6zti5Q,Pacman &amp; Ghost Animation: CSS Tutorial (Day 17 of CSS3 in 30 Days),2018-09-27,13767,332,2,21,32.3,https://www.youtube.com/watch?v=AUAbh6zti5Q
305,X2vAabgKiuM,Natural Language Processing (NLP) Tutorial with Python &amp; NLTK,2018-09-27,146173,2201,77,96,38.166666666666664,https://www.youtube.com/watch?v=X2vAabgKiuM
306,GbWeRARcVBM,Modal Window: CSS Tutorial (Day 16 of CSS3 in 30 Days),2018-09-26,11154,301,5,9,13.683333333333334,https://www.youtube.com/watch?v=GbWeRARcVBM
307,oWEk30VSBxU,Sticky Sidebar: CSS Tutorial (Day 15 of CSS3 in 30 Days),2018-09-25,22188,377,24,12,8.433333333333334,https://www.youtube.com/watch?v=oWEk30VSBxU
308,r1xBCi5SOjw,CSS Crash Course Tutorial,2018-09-25,49055,1481,21,49,23.6,https://www.youtube.com/watch?v=r1xBCi5SOjw
309,iUjWjt4E6rs,What is a Daily Standup? - Dev Life,2018-09-24,10726,403,15,29,3.9833333333333334,https://www.youtube.com/watch?v=iUjWjt4E6rs
310,8IO7iYL8DKI,Internet Explorer Hacks: CSS Tutorial (Day 11 of CSS3 in 30 Days),2018-09-21,11178,185,4,10,5.45,https://www.youtube.com/watch?v=8IO7iYL8DKI
311,lo4BSraYvc8,How to Become a Developer,2018-09-21,74947,2760,27,108,37.61666666666667,https://www.youtube.com/watch?v=lo4BSraYvc8
312,s0SdM2o4noQ,Pricing Table: CSS Tutorial (Day 10 of CSS3 in 30 Days),2018-09-20,12610,261,2,9,23.333333333333332,https://www.youtube.com/watch?v=s0SdM2o4noQ
313,AV_VYsJnHQQ,How do computers and the internet work? - Computer Science Basics,2018-09-19,62586,1459,24,74,24.833333333333332,https://www.youtube.com/watch?v=AV_VYsJnHQQ
314,T6Yr7htcbk4,How not to become a senior developer (and what to do instead),2018-09-19,11108,239,15,9,37.06666666666667,https://www.youtube.com/watch?v=T6Yr7htcbk4
315,pQN-pnXPaVg,HTML Full Course - Build a Website Tutorial,2018-09-18,3776268,98144,1262,4681,122.53333333333333,https://www.youtube.com/watch?v=pQN-pnXPaVg
316,wx4lQNGTf1s,"Web Workers, Service Workers, and PWAs",2018-09-18,7290,156,5,3,22.033333333333335,https://www.youtube.com/watch?v=wx4lQNGTf1s
317,m_mtV4YaI8c,React Component Lifecycle - Hooks / Methods Explained,2018-09-17,73223,1516,58,87,25.65,https://www.youtube.com/watch?v=m_mtV4YaI8c
318,CAgLAeykOyU,Print Styles: CSS Tutorial (Day 6 of CSS3 in 30 Days),2018-09-16,22186,290,3,12,15.616666666666667,https://www.youtube.com/watch?v=CAgLAeykOyU
319,LrZNeyK1xU8,Sexy Typography: CSS Tutorial (Day 2 of CSS3 in 30 Days),2018-09-12,32172,641,9,39,11.916666666666666,https://www.youtube.com/watch?v=LrZNeyK1xU8
320,8u-zJVVVhT4,Create A Twitter Bot With Python,2018-09-11,47110,988,21,63,18.266666666666666,https://www.youtube.com/watch?v=8u-zJVVVhT4
321,pmKyG3NBY_k,Style Fancy Buttons: CSS Tutorial (Day 1 of CSS3 in 30 Days),2018-09-11,200112,3301,37,150,70.43333333333334,https://www.youtube.com/watch?v=pmKyG3NBY_k
322,o3ka5fYysBM,"How to Build a RESTful API using Node, Express, and Mongo",2018-09-06,128206,1897,38,107,98.91666666666667,https://www.youtube.com/watch?v=o3ka5fYysBM
323,GhQdlIFylQ8,C# Tutorial - Full Course for Beginners,2018-09-06,4004537,94440,1052,6675,271.15,https://www.youtube.com/watch?v=GhQdlIFylQ8
324,t2CEgPsws3U,Data Structures and Algorithms in JavaScript - Full Course for Beginners,2018-09-04,567107,13368,116,373,112.91666666666667,https://www.youtube.com/watch?v=t2CEgPsws3U
325,VK-iv4WuXeE,"Becoming a Better Programmer, Without Actually Programming",2018-09-04,13401,397,33,38,12.183333333333334,https://www.youtube.com/watch?v=VK-iv4WuXeE
326,ztHopE5Wnpc,Database Design Course - Learn how to design and plan a database for beginners,2018-08-31,1334024,32495,656,875,487.3333333333333,https://www.youtube.com/watch?v=ztHopE5Wnpc
327,x0EYpi38Yp4,GitHub Basics Tutorial - How to Use GitHub,2018-08-30,110418,1759,142,128,31.333333333333332,https://www.youtube.com/watch?v=x0EYpi38Yp4
328,-FWuNnCe73g,Full stack Python Flask tutorial - Build a social network,2018-08-28,103542,2244,96,142,37.6,https://www.youtube.com/watch?v=-FWuNnCe73g
329,vLnPwxZdW4Y,C++ Tutorial for Beginners - Full Course,2018-08-24,6438763,153783,2065,9825,241.31666666666666,https://www.youtube.com/watch?v=vLnPwxZdW4Y
330,KJgsSFOSQv0,C Programming Tutorial for Beginners,2018-08-15,4545574,86221,1753,4564,226.21666666666667,https://www.youtube.com/watch?v=KJgsSFOSQv0
331,ZniVgo8U7ek,Memory Card Game - JavaScript Tutorial,2018-08-13,116342,2833,32,212,34.266666666666666,https://www.youtube.com/watch?v=ZniVgo8U7ek
332,grEKMHGYyns,Learn Java 8 - Full Tutorial for Beginners,2018-08-08,2504423,43969,916,1848,572.5333333333333,https://www.youtube.com/watch?v=grEKMHGYyns
333,llv5kW4sz0U,Parallax Tutorial - Scrolling Effect using CSS and Javascript,2018-08-07,59906,2006,27,102,11.116666666666667,https://www.youtube.com/watch?v=llv5kW4sz0U
334,cI3FOYIMSYE,Python Django Framework Full Course - Learning with the Docs,2018-08-03,165066,2426,155,115,213.36666666666667,https://www.youtube.com/watch?v=cI3FOYIMSYE
335,NWG8vO02oj4,Unity GameDev Tutorial for Beginners: Brick Breaker Game,2018-07-26,74493,1161,21,115,276.9,https://www.youtube.com/watch?v=NWG8vO02oj4
336,yz7nYlnXLfE,Command Line Crash Course,2018-07-25,91777,1594,81,26,35.583333333333336,https://www.youtube.com/watch?v=yz7nYlnXLfE
337,LYbt50dhTko,Gulp Task Automation for Beginners,2018-07-24,76250,1328,45,95,21.45,https://www.youtube.com/watch?v=LYbt50dhTko
338,R0jVqeYzs9c,Functional Programming in Scala,2018-07-17,44184,663,37,34,37.75,https://www.youtube.com/watch?v=R0jVqeYzs9c
339,rfscVS0vtbw,Learn Python - Full Course for Beginners [Tutorial],2018-07-11,25485997,634942,6741,35994,266.8666666666667,https://www.youtube.com/watch?v=rfscVS0vtbw
340,9ksLij2oMe4,Google Fonts Tutorial: Add custom fonts to your website,2018-07-10,72035,690,50,21,12.433333333333334,https://www.youtube.com/watch?v=9ksLij2oMe4
341,Bs68k6xfR3E,Testing Node.js with Mocha,2018-07-06,54357,539,34,30,39.13333333333333,https://www.youtube.com/watch?v=Bs68k6xfR3E
342,JhAtZlhk97k,WordPress Plugin Editing  (P5D82) - Live Coding with Jesse,2018-07-05,10146,136,7,7,57.75,https://www.youtube.com/watch?v=JhAtZlhk97k
343,DIzJC8wRp-s,Logging in JavaScript Best Practices,2018-07-05,18285,246,56,10,19.966666666666665,https://www.youtube.com/watch?v=DIzJC8wRp-s
344,PfLBugPdgSk,Learn to Code: 5 Secret Weapons,2018-07-03,21728,672,30,36,5.4,https://www.youtube.com/watch?v=PfLBugPdgSk
345,kEitFAY7Gc8,Elm crash course - Building unbreakable webapps fast,2018-07-03,61935,1274,18,64,45.88333333333333,https://www.youtube.com/watch?v=kEitFAY7Gc8
346,HXV3zeQKqGY,SQL Tutorial - Full Database Course for Beginners,2018-07-02,7275629,141427,1698,6787,260.65,https://www.youtube.com/watch?v=HXV3zeQKqGY
347,MXnaUkmLXok,React Native Tutorial - Augmented Reality Mobile App,2018-06-28,66719,985,19,42,91.73333333333333,https://www.youtube.com/watch?v=MXnaUkmLXok
348,wbZ6yrVxScM,Build your first Rails app - blog with comments (tutorial),2018-06-26,78407,894,46,61,97.53333333333333,https://www.youtube.com/watch?v=wbZ6yrVxScM
349,OK_JCtrrv-c,PHP Programming Language Tutorial - Full Course,2018-06-20,2236810,40718,599,2397,276.65,https://www.youtube.com/watch?v=OK_JCtrrv-c
350,QkbXjknPoXc,Amazon Alexa Development 101 (full tutorial course - June 2018 version),2018-06-14,56381,855,18,79,90.23333333333333,https://www.youtube.com/watch?v=QkbXjknPoXc
351,fKyf_esYgcA,Ionic Notes App Tutorial (Mobile App Development),2018-06-11,27915,391,8,17,66.76666666666667,https://www.youtube.com/watch?v=fKyf_esYgcA
352,909NfO1St0A,Regular Expressions (Regex) in JavaScript - tutorial,2018-06-08,72814,1481,50,93,17.266666666666666,https://www.youtube.com/watch?v=909NfO1St0A
353,t_ispmWmdjY,Ruby Programming Language - Full Course,2018-06-06,594871,12122,226,719,242.85,https://www.youtube.com/watch?v=t_ispmWmdjY
354,MHtqcL-3_fM,From Self-Taught Programmer to Job,2018-06-01,94872,3098,37,186,34.483333333333334,https://www.youtube.com/watch?v=MHtqcL-3_fM
355,0ndQbJaw89Y,SSO for Web APIs,2018-05-28,50240,406,31,20,53.63333333333333,https://www.youtube.com/watch?v=0ndQbJaw89Y
356,dfEZlcPvez8,Full Stack Todo List Tutorial using Vue.js &amp; AdonisJs,2018-05-23,52106,888,5,82,228.96666666666667,https://www.youtube.com/watch?v=dfEZlcPvez8
357,qjrkV4RjgIU,Web application security: 10 things developers need to know,2018-05-22,29858,550,13,7,56.416666666666664,https://www.youtube.com/watch?v=qjrkV4RjgIU
358,bRlvGoWz6Ig,JavaScript Snake Game Tutorial Using Functional Programming,2018-05-21,132811,2939,73,73,92.96666666666667,https://www.youtube.com/watch?v=bRlvGoWz6Ig
359,O_wcpXF5ZRY,Build a Linux System - Live Tutorial,2018-05-18,10952,223,9,5,118.23333333333333,https://www.youtube.com/watch?v=O_wcpXF5ZRY
360,AKacS-t-MfQ,Day in the life of a freelance developer and mom,2018-05-17,35733,1498,23,98,8.666666666666666,https://www.youtube.com/watch?v=AKacS-t-MfQ
361,j3XufmvEMiM,What are Microservices?,2018-05-15,106488,2800,53,55,3.8,https://www.youtube.com/watch?v=j3XufmvEMiM
362,SQipnBNVjv0,Beyond the Cloud: Edge Computing,2018-05-14,25831,296,10,5,16.783333333333335,https://www.youtube.com/watch?v=SQipnBNVjv0
363,ed8SzALpx1Q,GraphQL Full Course - Novice to Expert,2018-05-09,330539,7395,53,400,245.1,https://www.youtube.com/watch?v=ed8SzALpx1Q
364,wq-Q7CDj6ZI,HTML/CSS Tutorial - Build a Beautiful Blog,2018-05-01,138707,2076,67,90,43.95,https://www.youtube.com/watch?v=wq-Q7CDj6ZI
365,PlxWf493en4,HTML Tutorial - How to Make a Super Simple Website,2018-04-25,1065249,25352,464,1288,33.4,https://www.youtube.com/watch?v=PlxWf493en4
366,DwQJ_NPQWWo,"Async + Await in JavaScript, talk from Wes Bos",2018-04-16,84757,2692,32,54,15.866666666666667,https://www.youtube.com/watch?v=DwQJ_NPQWWo
367,DPnqb74Smug,Learn HTML5 - full course with code samples,2018-04-05,312455,4808,224,222,52.916666666666664,https://www.youtube.com/watch?v=DPnqb74Smug
368,-Wlt8NRtOpo,CSS Flexbox Course,2018-03-23,203402,5100,69,230,48.71666666666667,https://www.youtube.com/watch?v=-Wlt8NRtOpo
369,t6CBKf8K_Ac,CSS Grid Course,2018-03-19,290981,7836,75,404,62.733333333333334,https://www.youtube.com/watch?v=t6CBKf8K_Ac
370,4laPOtTRteI,SVG can do that?! - talk by Sarah Drasner,2018-03-16,18534,557,7,28,38.13333333333333,https://www.youtube.com/watch?v=4laPOtTRteI
371,rmbH9H60niU,React: Data Sorting (P5D45) - Live Coding with Jesse,2018-03-13,2433,54,1,1,96.58333333333333,https://www.youtube.com/watch?v=rmbH9H60niU
372,PfN6d87r9uw,CSS Grid Changes Everything (About Web Layouts) - by Morten Rand-Hendriksen,2018-02-23,5268,213,1,9,43.93333333333333,https://www.youtube.com/watch?v=PfN6d87r9uw
373,eUYMiztBEdY,Web Scraping with Node.js,2018-02-15,115185,1546,46,92,27.316666666666666,https://www.youtube.com/watch?v=eUYMiztBEdY
374,vuBFzAdaHDY,Scrum in 16 minutes,2018-02-12,62196,1123,73,49,16.033333333333335,https://www.youtube.com/watch?v=vuBFzAdaHDY
375,fsCjFHuMXj0,Build a Node.js API - tutorial,2017-12-05,141308,2029,59,130,33.166666666666664,https://www.youtube.com/watch?v=fsCjFHuMXj0
376,pgHprRdq3Jw,React UI Updates (P4D16) - Live Coding with Jesse,2017-11-06,10057,53,5,1,77.21666666666667,https://www.youtube.com/watch?v=pgHprRdq3Jw
377,51gc7-eskU8,How to ace the whiteboard coding interview,2017-10-31,37011,747,25,66,51.233333333333334,https://www.youtube.com/watch?v=51gc7-eskU8
378,fsTzLgra5dQ,How to make money as a freelance developer - business tips from an expert,2017-10-09,55502,2034,15,76,35.28333333333333,https://www.youtube.com/watch?v=fsTzLgra5dQ
379,NSts93C9UeE,JAMstack Tutorial - Full site using Netlify &amp; Hugo,2017-09-22,44037,874,26,53,29.85,https://www.youtube.com/watch?v=NSts93C9UeE
380,Fa4cRMaTDUI,Full Stack Web App using Vue.js &amp; Express.js: Part 1 - Intro,2017-09-03,317587,4603,76,438,55.93333333333333,https://www.youtube.com/watch?v=Fa4cRMaTDUI
381,vPEJSJMg4jY,Recursion in software development,2017-08-22,53410,986,15,48,5.216666666666667,https://www.youtube.com/watch?v=vPEJSJMg4jY
382,X65s7WQLWJY,jQuery vs vanilla JavaScript - Beau teaches JavaScript,2017-08-21,38778,794,10,44,5.15,https://www.youtube.com/watch?v=X65s7WQLWJY
383,Thnv77n2e6Q,jQuery: Dom Traversal (find parent and child nodes) - Beau teaches JavaScript,2017-08-08,14664,332,0,12,6.85,https://www.youtube.com/watch?v=Thnv77n2e6Q
384,9TVYjjWkuOU,Should I go back to school to get CS degree? - Ask Preethi,2017-06-30,67363,1288,66,158,13.366666666666667,https://www.youtube.com/watch?v=9TVYjjWkuOU
385,DBRW8nwZV-g,"Graph Data Structure Intro (inc. adjacency list, adjacency matrix, incidence matrix)",2017-05-21,72481,1044,111,54,4.883333333333334,https://www.youtube.com/watch?v=DBRW8nwZV-g
386,AwicscsvGLg,cookies vs localStorage vs sessionStorage - Beau teaches JavaScript,2017-05-16,135479,3008,36,89,9.083333333333334,https://www.youtube.com/watch?v=AwicscsvGLg
387,F3odgpghXzY,addEventListener() - Beau teaches JavaScript,2017-04-24,86379,1214,25,55,5.533333333333333,https://www.youtube.com/watch?v=F3odgpghXzY
388,9YddVVsdG5A,Linked List - Beau teaches JavaScript,2017-04-22,64646,726,25,65,11.95,https://www.youtube.com/watch?v=9YddVVsdG5A
389,eaLKqoB9Fu0,Selecting &amp; Changing Website Elements (DOM manipulation) - Beau teaches JavaScript,2017-04-17,89391,1268,13,43,5.65,https://www.youtube.com/watch?v=eaLKqoB9Fu0
390,F95z5Wxd9ks,Hash Tables - Beau teaches JavaScript,2017-04-14,53029,878,33,27,9.833333333333334,https://www.youtube.com/watch?v=F95z5Wxd9ks
391,Aagf3RyK3Lw,Binary Search Tree: Traversal &amp; Height - Beau teaches JavaScript,2017-04-02,21270,229,7,14,14.016666666666667,https://www.youtube.com/watch?v=Aagf3RyK3Lw
392,5cU1ILGy6dM,Binary Search Tree - Beau teaches JavaScript,2017-03-26,66924,986,13,56,13.566666666666666,https://www.youtube.com/watch?v=5cU1ILGy6dM
393,XzdhzyAukMM,Clean Code: SOLID - Beau teaches JavaScript,2017-03-18,45938,1023,66,21,12.133333333333333,https://www.youtube.com/watch?v=XzdhzyAukMM
394,24Wpg6njlYI,For Loops - Beau teaches JavaScript,2017-03-13,57687,979,31,76,6.616666666666666,https://www.youtube.com/watch?v=24Wpg6njlYI
395,Urwzk6ILvPQ,"Array Iteration: 8 Methods - map, filter, reduce, some, every, find, findIndex, forEach",2017-03-10,72085,1917,27,88,6.366666666666666,https://www.youtube.com/watch?v=Urwzk6ILvPQ
396,R8SjM4DKK80,Functions - Beau teaches JavaScript,2017-03-08,52166,817,20,37,7.3,https://www.youtube.com/watch?v=R8SjM4DKK80
397,kVOmc7NK1M0,== vs === - Beau teaches JavaScript,2017-03-06,31646,561,16,35,3.1,https://www.youtube.com/watch?v=kVOmc7NK1M0
398,kj8HU-_P2NU,Template Literals (ES6) - Beau teaches JavaScript,2017-02-23,15090,241,20,30,9.716666666666667,https://www.youtube.com/watch?v=kj8HU-_P2NU
399,VwaqJy_clnc,Null vs Undefined - Beau teaches JavaScript,2017-02-14,38715,531,34,31,3.75,https://www.youtube.com/watch?v=VwaqJy_clnc
400,7WkfzokHGqo,Comparison Operators &amp; If Else - Beau teaches JavaScript,2017-02-10,17701,273,1,15,6.433333333333334,https://www.youtube.com/watch?v=7WkfzokHGqo
401,4VY0kHqIqyU,Git &amp; GitHub: GitHub Workflow for Open Source,2016-09-23,34543,345,10,4,1.6333333333333333,https://www.youtube.com/watch?v=4VY0kHqIqyU
402,-Eiw_-v__Vo,Big O Notation: A Few Examples,2015-09-21,178642,1482,120,98,3.683333333333333,https://www.youtube.com/watch?v=-Eiw_-v__Vo
403,80Mr2Z6Qikc,The DOM: What&#39;s the Document Object Model?,2015-09-21,65702,800,38,42,2.8333333333333335,https://www.youtube.com/watch?v=80Mr2Z6Qikc
404,_uWzpyr_5qk,Computer Basics 5: How To Measure Data Size,2015-07-17,34539,800,38,26,2.4,https://www.youtube.com/watch?v=_uWzpyr_5qk
405,q7tlgZg4Q1o,Computer Basics 1: The 4 Basic Parts of a Computer,2015-07-17,101809,800,38,30,1.0666666666666667,https://www.youtube.com/watch?v=q7tlgZg4Q1o
